[{"pk": 1, "model": "preferences.settingvalue", "fields": {"name": "it-IT", "description": "Italian"}}, {"pk": 2, "model": "preferences.settingvalue", "fields": {"name": "en-US", "description": "English"}}, {"pk": 3, "model": "preferences.settingvalue", "fields": {"name": "fr-FR", "description": "French"}}, {"pk": 4, "model": "preferences.settingvalue", "fields": {"name": "es-ES", "description": "Spanish"}}, {"pk": 7, "model": "preferences.settingvalue", "fields": {"name": "MM/DD/YYYY", "description": "MM/DD/YYYY"}}, {"pk": 8, "model": "preferences.settingvalue", "fields": {"name": "DD/MM/YYYY", "description": "DD/MM/YYYY"}}, {"pk": 9, "model": "preferences.settingvalue", "fields": {"name": "%dc:title%", "description": "Title (dc:title)"}}, {"pk": 10, "model": "preferences.settingvalue", "fields": {"name": "%dc:creator%", "description": "Creator (dc:creator)"}}, {"pk": 11, "model": "preferences.settingvalue", "fields": {"name": "%xmp:CreateDate%", "description": "Creation date (xmp:CreateDate)"}}, {"pk": 13, "model": "preferences.settingvalue", "fields": {"name": "image", "description": "image"}}, {"pk": 14, "model": "preferences.settingvalue", "fields": {"name": "audio", "description": "audio"}}, {"pk": 15, "model": "preferences.settingvalue", "fields": {"name": "video", "description": "video"}}, {"pk": 16, "model": "preferences.settingvalue", "fields": {"name": "doc", "description": "doc"}}, {"pk": 17, "model": "preferences.settingvalue", "fields": {"name": "person", "description": "Person"}}, {"pk": 18, "model": "preferences.settingvalue", "fields": {"name": "object", "description": "Object"}}, {"pk": 27, "model": "preferences.settingvalue", "fields": {"name": "de-DE", "description": "German"}}, {"pk": 28, "model": "preferences.settingvalue", "fields": {"name": "el-GR", "description": "Greek"}}, {"pk": 29, "model": "preferences.settingvalue", "fields": {"name": "sv-SE", "description": "Swedish"}}, {"pk": 30, "model": "preferences.settingvalue", "fields": {"name": "pt-PT", "description": "Portuguese"}}, {"pk": 31, "model": "preferences.settingvalue", "fields": {"name": "da-DK", "description": ":Danish"}}, {"pk": 32, "model": "preferences.settingvalue", "fields": {"name": "ar-SA", "description": "Arabic"}}, {"pk": 33, "model": "preferences.settingvalue", "fields": {"name": "hu-HU", "description": "Hungarian"}}, {"pk": 34, "model": "preferences.settingvalue", "fields": {"name": "ko-KP", "description": "Korean"}}, {"pk": 35, "model": "preferences.settingvalue", "fields": {"name": "zh-CN:Mandarin Chinese/China ", "description": "Mandarin Chinese "}}, {"pk": 36, "model": "preferences.settingvalue", "fields": {"name": "ur-IN", "description": "Urdu/India "}}, {"pk": 37, "model": "preferences.settingvalue", "fields": {"name": "tr-TR", "description": "Turkish"}}, {"pk": 38, "model": "preferences.settingvalue", "fields": {"name": "ar-SA", "description": "Arabic"}}, {"pk": 39, "model": "preferences.settingvalue", "fields": {"name": "da-DK", "description": "Danish"}}, {"pk": 40, "model": "preferences.settingvalue", "fields": {"name": "de-DE", "description": "German"}}, {"pk": 41, "model": "preferences.settingvalue", "fields": {"name": "el-GR", "description": "Greek"}}, {"pk": 43, "model": "preferences.settingvalue", "fields": {"name": "hr-HR", "description": "Croatian"}}, {"pk": 44, "model": "preferences.settingvalue", "fields": {"name": "hu-HU", "description": "Hungarian"}}, {"pk": 45, "model": "preferences.settingvalue", "fields": {"name": "ko-KR", "description": "Korean"}}, {"pk": 46, "model": "preferences.settingvalue", "fields": {"name": "nl-NL", "description": "Netherlands"}}, {"pk": 47, "model": "preferences.settingvalue", "fields": {"name": "pt-PT", "description": "Portuguese"}}, {"pk": 48, "model": "preferences.settingvalue", "fields": {"name": "tr-TR", "description": "Turkish"}}, {"pk": 49, "model": "preferences.settingvalue", "fields": {"name": "zh-CN", "description": "Mandarin Chinese "}}, {"pk": 56, "model": "preferences.settingvalue", "fields": {"name": "%dc:title%", "description": "Title (dc:title)"}}, {"pk": 57, "model": "preferences.settingvalue", "fields": {"name": "%dc:creator%", "description": "Creator (dc:creator)"}}, {"pk": 58, "model": "preferences.settingvalue", "fields": {"name": "%xmp:CreateDate%", "description": "Creation date (xmp:CreateDate)"}}, {"pk": 1, "model": "preferences.damcomponent", "fields": {"name": "User Interface", "description": "metadata component"}}, {"pk": 2, "model": "preferences.damcomponent", "fields": {"name": "Media Types", "description": "Media Types"}}, {"pk": 3, "model": "preferences.damcomponent", "fields": {"name": "Language", "description": "Application Language"}}, {"pk": 1, "model": "preferences.damcomponentsetting", "fields": {"default_value": "en-US", "name": "supported_languages", "component": 1, "choices": [1, 2, 3, 4, 38, 39, 40, 41, 43, 44, 45, 46, 47, 48, 49], "caption": "Supported Metadata Languages", "setting_level": "S", "type": "multiple_choice", "description": "check the languages to be supported for metadata editing"}}, {"pk": 3, "model": "preferences.damcomponentsetting", "fields": {"default_value": "en-US", "name": "default_metadata_language", "component": 3, "choices": [1, 2, 3, 4], "caption": "Default Metadata Language", "setting_level": "W", "type": "choice", "description": "Default Metadata Language"}}, {"pk": 4, "model": "preferences.damcomponentsetting", "fields": {"default_value": "MM/DD/YYYY", "name": "date_format", "component": 1, "choices": [7, 8], "caption": "Date Format", "setting_level": "U", "type": "choice", "description": "Date format (ex. DD-MM-YYYY)"}}, {"pk": 5, "model": "preferences.damcomponentsetting", "fields": {"default_value": "%dc:title%", "name": "thumbnail_caption", "component": 1, "choices": [9, 10, 11], "caption": "Thumbnail caption", "setting_level": "U", "type": "choice", "description": "Thumbnail caption"}}, {"pk": 6, "model": "preferences.damcomponentsetting", "fields": {"default_value": "person,object", "name": "cue_point_list", "component": 1, "choices": [17, 18], "caption": "Cue Point Keywords", "setting_level": "S", "type": "multiple_choice", "description": "Cue Point Keywords"}}, {"pk": 7, "model": "preferences.damcomponentsetting", "fields": {"default_value": "en-us", "name": "application_supported_languages", "component": 3, "choices": [1, 2], "caption": "Application UI Language", "setting_level": "U", "type": "choice", "description": "Application Language"}}, {"pk": 8, "model": "preferences.damcomponentsetting", "fields": {"default_value": "%dc:title%", "name": "fullscreen_caption", "component": 1, "choices": [56, 57, 58], "caption": "Fullscreen caption", "setting_level": "U", "type": "choice", "description": "Fullscreen caption"}}, {"pk": 31, "model": "preferences.usersetting", "fields": {"user_choices": [7], "component_setting": 4, "value": "MM/DD/YYYY", "user": 1}}, {"pk": 7, "model": "preferences.usersetting", "fields": {"user_choices": [2, 3], "component_setting": 1, "value": "en-US,fr-FR", "user": 1}}, {"pk": 28, "model": "preferences.usersetting", "fields": {"user_choices": [2], "component_setting": 3, "value": "en-US", "user": 1}}, {"pk": 27, "model": "preferences.usersetting", "fields": {"user_choices": [2], "component_setting": 7, "value": "en-US", "user": 1}}, {"pk": 32, "model": "preferences.usersetting", "fields": {"user_choices": [9], "component_setting": 5, "value": "%dc:title%", "user": 1}}, {"pk": 39, "model": "preferences.systemsetting", "fields": {"user_choices": [7], "component_setting": 4, "value": "MM/DD/YYYY"}}, {"pk": 28, "model": "preferences.systemsetting", "fields": {"user_choices": [9], "component_setting": 5, "value": "%dc:title%"}}, {"pk": 42, "model": "preferences.systemsetting", "fields": {"user_choices": [2], "component_setting": 3, "value": "en-US"}}, {"pk": 41, "model": "preferences.systemsetting", "fields": {"user_choices": [1, 2, 3, 4], "component_setting": 1, "value": "it-IT,en-US,fr-FR,es-ES"}}, {"pk": 40, "model": "preferences.systemsetting", "fields": {"user_choices": [2], "component_setting": 7, "value": "en-US"}}]