[{"pk": 1, "model": "variants.variant", "fields": {"is_global": true, "name": "original", "resizable": true, "editable": true, "caption": "Original", "default_url": null, "shared": true, "media_type": 1, "default_rank": 2, "auto_generated": false}}, {"pk": 2, "model": "variants.variant", "fields": {"is_global": true, "name": "edited", "resizable": true, "editable": true, "caption": "edited", "default_url": null, "shared": false, "media_type": 1, "default_rank": 1, "auto_generated": false}}, {"pk": 3, "model": "variants.variant", "fields": {"is_global": true, "name": "thumbnail", "resizable": false, "editable": false, "caption": "Thumbnail", "default_url": null, "shared": false, "media_type": 1, "default_rank": null, "auto_generated": true}}, {"pk": 4, "model": "variants.variant", "fields": {"is_global": true, "name": "preview", "resizable": false, "editable": true, "caption": "", "default_url": null, "shared": false, "media_type": 1, "default_rank": null, "auto_generated": true}}, {"pk": 5, "model": "variants.variant", "fields": {"is_global": true, "name": "fullscreen", "resizable": true, "editable": true, "caption": "", "default_url": null, "shared": false, "media_type": 1, "default_rank": null, "auto_generated": true}}, {"pk": 6, "model": "variants.variant", "fields": {"is_global": true, "name": "original", "resizable": true, "editable": true, "caption": "Original", "default_url": null, "shared": true, "media_type": 4, "default_rank": 2, "auto_generated": false}}, {"pk": 7, "model": "variants.variant", "fields": {"is_global": true, "name": "edited", "resizable": true, "editable": true, "caption": "edited", "default_url": null, "shared": false, "media_type": 4, "default_rank": 1, "auto_generated": false}}, {"pk": 8, "model": "variants.variant", "fields": {"is_global": true, "name": "thumbnail", "resizable": true, "editable": false, "caption": "Thumbnail", "default_url": "/files/images/audio_thumbnail.jpg", "shared": false, "media_type": 4, "default_rank": null, "auto_generated": false}}, {"pk": 9, "model": "variants.variant", "fields": {"is_global": true, "name": "preview", "resizable": true, "editable": true, "caption": "", "default_url": null, "shared": false, "media_type": 4, "default_rank": null, "auto_generated": true}}, {"pk": 10, "model": "variants.variant", "fields": {"is_global": true, "name": "original", "resizable": true, "editable": true, "caption": "Original", "default_url": null, "shared": true, "media_type": 2, "default_rank": 2, "auto_generated": false}}, {"pk": 11, "model": "variants.variant", "fields": {"is_global": true, "name": "edited", "resizable": true, "editable": true, "caption": "edited", "default_url": null, "shared": false, "media_type": 2, "default_rank": 1, "auto_generated": false}}, {"pk": 12, "model": "variants.variant", "fields": {"is_global": true, "name": "thumbnail", "resizable": false, "editable": false, "caption": "Thumbnail", "default_url": null, "shared": false, "media_type": 2, "default_rank": null, "auto_generated": true}}, {"pk": 13, "model": "variants.variant", "fields": {"is_global": true, "name": "preview", "resizable": false, "editable": true, "caption": "", "default_url": null, "shared": false, "media_type": 2, "default_rank": null, "auto_generated": true}}, {"pk": 14, "model": "variants.variant", "fields": {"is_global": true, "name": "original", "resizable": true, "editable": true, "caption": "Original", "default_url": null, "shared": true, "media_type": 3, "default_rank": 1, "auto_generated": false}}, {"pk": 15, "model": "variants.variant", "fields": {"is_global": true, "name": "thumbnail", "resizable": false, "editable": false, "caption": "Thumbnail", "default_url": null, "shared": false, "media_type": 3, "default_rank": null, "auto_generated": true}}, {"pk": 16, "model": "variants.variant", "fields": {"is_global": true, "name": "preview", "resizable": false, "editable": true, "caption": "", "default_url": null, "shared": false, "media_type": 3, "default_rank": null, "auto_generated": true}}, {"pk": 1, "model": "variants.variantdefault", "fields": {"variant": 3, "object_id": 2, "content_type": 56}}, {"pk": 2, "model": "variants.variantdefault", "fields": {"variant": 4, "object_id": 4, "content_type": 56}}, {"pk": 3, "model": "variants.variantdefault", "fields": {"variant": 5, "object_id": 6, "content_type": 56}}, {"pk": 4, "model": "variants.variantdefault", "fields": {"variant": 8, "object_id": 2, "content_type": 56}}, {"pk": 5, "model": "variants.variantdefault", "fields": {"variant": 9, "object_id": 2, "content_type": 54}}, {"pk": 6, "model": "variants.variantdefault", "fields": {"variant": 12, "object_id": 8, "content_type": 56}}, {"pk": 7, "model": "variants.variantdefault", "fields": {"variant": 13, "object_id": 1, "content_type": 55}}, {"pk": 8, "model": "variants.variantdefault", "fields": {"variant": 15, "object_id": 10, "content_type": 56}}, {"pk": 9, "model": "variants.variantdefault", "fields": {"variant": 16, "object_id": 12, "content_type": 56}}, {"pk": 1, "model": "variants.variantassociation", "fields": {"variant": 1, "content_type": null, "workspace": 1, "object_id": null}}, {"pk": 2, "model": "variants.variantassociation", "fields": {"variant": 2, "content_type": null, "workspace": 1, "object_id": null}}, {"pk": 3, "model": "variants.variantassociation", "fields": {"variant": 3, "content_type": 56, "workspace": 1, "object_id": 1}}, {"pk": 4, "model": "variants.variantassociation", "fields": {"variant": 4, "content_type": 56, "workspace": 1, "object_id": 3}}, {"pk": 5, "model": "variants.variantassociation", "fields": {"variant": 5, "content_type": 56, "workspace": 1, "object_id": 5}}, {"pk": 6, "model": "variants.variantassociation", "fields": {"variant": 6, "content_type": null, "workspace": 1, "object_id": null}}, {"pk": 7, "model": "variants.variantassociation", "fields": {"variant": 7, "content_type": null, "workspace": 1, "object_id": null}}, {"pk": 8, "model": "variants.variantassociation", "fields": {"variant": 8, "content_type": 56, "workspace": 1, "object_id": 1}}, {"pk": 9, "model": "variants.variantassociation", "fields": {"variant": 9, "content_type": 54, "workspace": 1, "object_id": 1}}, {"pk": 10, "model": "variants.variantassociation", "fields": {"variant": 10, "content_type": null, "workspace": 1, "object_id": null}}, {"pk": 11, "model": "variants.variantassociation", "fields": {"variant": 11, "content_type": null, "workspace": 1, "object_id": null}}, {"pk": 12, "model": "variants.variantassociation", "fields": {"variant": 12, "content_type": 56, "workspace": 1, "object_id": 7}}, {"pk": 13, "model": "variants.variantassociation", "fields": {"variant": 13, "content_type": 55, "workspace": 1, "object_id": 2}}, {"pk": 14, "model": "variants.variantassociation", "fields": {"variant": 14, "content_type": null, "workspace": 1, "object_id": null}}, {"pk": 15, "model": "variants.variantassociation", "fields": {"variant": 15, "content_type": 56, "workspace": 1, "object_id": 9}}, {"pk": 16, "model": "variants.variantassociation", "fields": {"variant": 16, "content_type": 56, "workspace": 1, "object_id": 11}}, {"pk": 1, "model": "variants.audiopreferences", "fields": {"preset": 1, "rights_type": null}}, {"pk": 2, "model": "variants.audiopreferences", "fields": {"preset": 1, "rights_type": null}}, {"pk": 1, "model": "variants.videopreferences", "fields": {"watermark_uri": null, "preset": 4, "watermarking_position": null, "watermarking": false, "rights_type": null}}, {"pk": 2, "model": "variants.videopreferences", "fields": {"watermark_uri": null, "preset": 4, "watermarking_position": null, "watermarking": false, "rights_type": null}}, {"pk": 1, "model": "variants.imagepreferences", "fields": {"watermark_uri": null, "video_position": null, "container": "jpg", "watermarking_position": null, "codec": "jpg", "max_dim": 100, "cropping": false, "watermarking": false, "rights_type": null}}, {"pk": 2, "model": "variants.imagepreferences", "fields": {"watermark_uri": null, "video_position": null, "container": "jpg", "watermarking_position": null, "codec": "jpg", "max_dim": 100, "cropping": false, "watermarking": false, "rights_type": null}}, {"pk": 3, "model": "variants.imagepreferences", "fields": {"watermark_uri": null, "video_position": null, "container": "jpg", "watermarking_position": null, "codec": "jpg", "max_dim": 570, "cropping": false, "watermarking": false, "rights_type": null}}, {"pk": 4, "model": "variants.imagepreferences", "fields": {"watermark_uri": null, "video_position": null, "container": "jpg", "watermarking_position": null, "codec": "jpg", "max_dim": 570, "cropping": false, "watermarking": false, "rights_type": null}}, {"pk": 5, "model": "variants.imagepreferences", "fields": {"watermark_uri": null, "video_position": null, "container": "jpg", "watermarking_position": null, "codec": "jpg", "max_dim": 800, "cropping": false, "watermarking": false, "rights_type": null}}, {"pk": 6, "model": "variants.imagepreferences", "fields": {"watermark_uri": null, "video_position": null, "container": "jpg", "watermarking_position": null, "codec": "jpg", "max_dim": 800, "cropping": false, "watermarking": false, "rights_type": null}}, {"pk": 7, "model": "variants.imagepreferences", "fields": {"watermark_uri": null, "video_position": 25, "container": "jpg", "watermarking_position": null, "codec": "jpg", "max_dim": 100, "cropping": false, "watermarking": false, "rights_type": null}}, {"pk": 8, "model": "variants.imagepreferences", "fields": {"watermark_uri": null, "video_position": 25, "container": "jpg", "watermarking_position": null, "codec": "jpg", "max_dim": 100, "cropping": false, "watermarking": false, "rights_type": null}}, {"pk": 9, "model": "variants.imagepreferences", "fields": {"watermark_uri": null, "video_position": null, "container": "jpg", "watermarking_position": null, "codec": "jpg", "max_dim": 100, "cropping": false, "watermarking": false, "rights_type": null}}, {"pk": 10, "model": "variants.imagepreferences", "fields": {"watermark_uri": null, "video_position": null, "container": "jpg", "watermarking_position": null, "codec": "jpg", "max_dim": 100, "cropping": false, "watermarking": false, "rights_type": null}}, {"pk": 11, "model": "variants.imagepreferences", "fields": {"watermark_uri": null, "video_position": null, "container": "jpg", "watermarking_position": null, "codec": "jpg", "max_dim": 570, "cropping": false, "watermarking": false, "rights_type": null}}, {"pk": 12, "model": "variants.imagepreferences", "fields": {"watermark_uri": null, "video_position": null, "container": "jpg", "watermarking_position": null, "codec": "jpg", "max_dim": 570, "cropping": false, "watermarking": false, "rights_type": null}}, {"pk": 1, "model": "variants.sourcevariant", "fields": {"source": 2, "destination": 3, "rank": 1, "workspace": 1}}, {"pk": 3, "model": "variants.sourcevariant", "fields": {"source": 2, "destination": 4, "rank": 1, "workspace": 1}}, {"pk": 5, "model": "variants.sourcevariant", "fields": {"source": 2, "destination": 5, "rank": 1, "workspace": 1}}, {"pk": 7, "model": "variants.sourcevariant", "fields": {"source": 7, "destination": 9, "rank": 1, "workspace": 1}}, {"pk": 9, "model": "variants.sourcevariant", "fields": {"source": 11, "destination": 12, "rank": 1, "workspace": 1}}, {"pk": 11, "model": "variants.sourcevariant", "fields": {"source": 11, "destination": 13, "rank": 1, "workspace": 1}}, {"pk": 13, "model": "variants.sourcevariant", "fields": {"source": 14, "destination": 15, "rank": 1, "workspace": 1}}, {"pk": 14, "model": "variants.sourcevariant", "fields": {"source": 14, "destination": 16, "rank": 1, "workspace": 1}}, {"pk": 2, "model": "variants.sourcevariant", "fields": {"source": 1, "destination": 3, "rank": 2, "workspace": 1}}, {"pk": 4, "model": "variants.sourcevariant", "fields": {"source": 1, "destination": 4, "rank": 2, "workspace": 1}}, {"pk": 6, "model": "variants.sourcevariant", "fields": {"source": 1, "destination": 5, "rank": 2, "workspace": 1}}, {"pk": 8, "model": "variants.sourcevariant", "fields": {"source": 6, "destination": 9, "rank": 2, "workspace": 1}}, {"pk": 10, "model": "variants.sourcevariant", "fields": {"source": 10, "destination": 12, "rank": 2, "workspace": 1}}, {"pk": 12, "model": "variants.sourcevariant", "fields": {"source": 10, "destination": 13, "rank": 2, "workspace": 1}}, {"pk": 1, "model": "variants.preset", "fields": {"caption": "mp3", "parameters": [2, 3], "name": "mp3", "extension": "mp3", "media_type": 4}}, {"pk": 2, "model": "variants.preset", "fields": {"caption": "aac", "parameters": [2, 4], "name": "aac", "extension": "m4a", "media_type": 4}}, {"pk": 3, "model": "variants.preset", "fields": {"caption": "ogg", "parameters": [1, 2], "name": "ogg", "extension": "ogg", "media_type": 4}}, {"pk": 4, "model": "variants.preset", "fields": {"caption": "flv", "parameters": [2, 3, 5, 6, 7], "name": "flv", "extension": "flv", "media_type": 2}}, {"pk": 5, "model": "variants.preset", "fields": {"caption": "flv h264", "parameters": [2, 4, 5, 6, 8], "name": "flv_h264_aac", "extension": "flv", "media_type": 2}}, {"pk": 6, "model": "variants.preset", "fields": {"caption": "avi xvid ", "parameters": [2, 3, 5, 6, 7], "name": "avi", "extension": "avi", "media_type": 2}}, {"pk": 7, "model": "variants.preset", "fields": {"caption": "theora ogg", "parameters": [1, 2, 5, 6, 8], "name": "theora", "extension": "ogg", "media_type": 2}}, {"pk": 8, "model": "variants.preset", "fields": {"caption": "matroska mpeg4", "parameters": [2, 4, 5, 6, 7], "name": "matroska_mpeg4_aac", "extension": "mkv", "media_type": 2}}, {"pk": 9, "model": "variants.preset", "fields": {"caption": "mp4 h264", "parameters": [2, 4, 5, 6, 8], "name": "mp4_h264_aaclow", "extension": "mp4", "media_type": 2}}, {"pk": 10, "model": "variants.preset", "fields": {"caption": "mpeg transport stream", "parameters": [2, 3, 5, 6, 7], "name": "mpegts", "extension": "mpeg", "media_type": 2}}, {"pk": 1, "model": "variants.presetparameter", "fields": {"name": "audio_quality", "default": "0.9", "caption": "audio_quality", "values": "[0.1, 0.2, 0.3, 0.4, 0.5, 0.6, 0.7, 0.8, 0.9, 1]", "_class": "Sampling", "type": "combo"}}, {"pk": 2, "model": "variants.presetparameter", "fields": {"name": "audio_rate", "default": "44100", "caption": "audio sample rate (Hz)", "values": "[59000, 44100, 48000]", "_class": "Sampling", "type": "combo"}}, {"pk": 3, "model": "variants.presetparameter", "fields": {"name": "audio_bitrate_kb", "default": "128", "caption": "audio bitrate (Kbps)", "values": "[64, 80, 96, 112,128, 160, 192, 224, 256,590]", "_class": "Sampling", "type": "combo"}}, {"pk": 4, "model": "variants.presetparameter", "fields": {"name": "audio_bitrate_b", "default": "128000", "caption": "audio bitrate (Kbps)", "values": "[[\"64000\", 64], [\"80000\", 80], [\"96000\", 96], [\"112000\", 112],[\"128000\", 128], [\"160000\", 160], [\"192000\", 192], [\"224000\", 224], [\"256000\", 256],[\"590000\", 590]]", "_class": "Sampling", "type": "combo"}}, {"pk": 5, "model": "variants.presetparameter", "fields": {"name": "max_size", "default": "590", "caption": "max size (pixel)", "values": "[256, 590, 512, 640, 800, 1024, 1280, 1600, 2048]", "_class": "size", "type": "int"}}, {"pk": 6, "model": "variants.presetparameter", "fields": {"name": "video_framerate", "default": "25/1", "caption": "video frame rate (fps)", "values": "[[\"25/2\", 12.5], [\"24/1\", 24], [\"25/1\", 25], [\"57000/1001\", 29.97],[\"57/1\", 57]]", "_class": "Sampling", "type": "combo"}}, {"pk": 7, "model": "variants.presetparameter", "fields": {"name": "video_bitrate_b", "default": "640000", "caption": "video bitrate (Kbps)", "values": "[[\"64000\", 64], [\"128000\", 128], [\"192000\", 192], [\"256000\", 256], [\"590000\", 590],[\"640000\", 640], [\"1024000\",1024], [\"1536000\", 1536],[\"2048000\", 2048], [\"4096000\", 4096],  [\"8192000\", 8192], [\"12288000\", 12288], [\"20040000\", 20040]]", "_class": "Sampling", "type": "combo"}}, {"pk": 8, "model": "variants.presetparameter", "fields": {"name": "video_bitrate_kb", "default": "2048", "caption": "video bitrate (Kbps)", "values": "[64, 128, 192, 256, 590, 640, 1024, 1536,2048, 4096,  8192, 12288, 20040]", "_class": "Sampling", "type": "combo"}}, {"pk": 1, "model": "variants.presetparametervalue", "fields": {"value": "44100", "parameter": 2, "object_id": 1, "content_type": 54}}, {"pk": 2, "model": "variants.presetparametervalue", "fields": {"value": "44100", "parameter": 2, "object_id": 2, "content_type": 54}}, {"pk": 3, "model": "variants.presetparametervalue", "fields": {"value": "128", "parameter": 3, "object_id": 1, "content_type": 54}}, {"pk": 4, "model": "variants.presetparametervalue", "fields": {"value": "128", "parameter": 3, "object_id": 2, "content_type": 54}}, {"pk": 5, "model": "variants.presetparametervalue", "fields": {"value": "44100", "parameter": 2, "object_id": 2, "content_type": 55}}, {"pk": 6, "model": "variants.presetparametervalue", "fields": {"value": "44100", "parameter": 2, "object_id": 1, "content_type": 55}}, {"pk": 7, "model": "variants.presetparametervalue", "fields": {"value": "128", "parameter": 3, "object_id": 2, "content_type": 55}}, {"pk": 8, "model": "variants.presetparametervalue", "fields": {"value": "128", "parameter": 3, "object_id": 1, "content_type": 55}}, {"pk": 9, "model": "variants.presetparametervalue", "fields": {"value": "590", "parameter": 5, "object_id": 2, "content_type": 55}}, {"pk": 10, "model": "variants.presetparametervalue", "fields": {"value": "590", "parameter": 5, "object_id": 1, "content_type": 55}}, {"pk": 11, "model": "variants.presetparametervalue", "fields": {"value": "25/1", "parameter": 6, "object_id": 2, "content_type": 55}}, {"pk": 12, "model": "variants.presetparametervalue", "fields": {"value": "25/1", "parameter": 6, "object_id": 1, "content_type": 55}}, {"pk": 13, "model": "variants.presetparametervalue", "fields": {"value": "640000", "parameter": 7, "object_id": 2, "content_type": 55}}, {"pk": 14, "model": "variants.presetparametervalue", "fields": {"value": "640000", "parameter": 7, "object_id": 1, "content_type": 55}}]
